{
  "project_info": {
    "project_number": "691756682733",
    "project_id": "vantage-care",
    "storage_bucket": "vantage-care.firebasestorage.app"
  },
  "client": [
    {
      "client_info": {
        "mobilesdk_app_id": "1:691756682733:android:29960218747db64bc02be4",
        "android_client_info": {
          "package_name": "com.vantagecareapp"
        }
      },
      "oauth_client": [],
      "api_key": [
        {
          "current_key": "AIzaSyB8O4S5IffDQU6BhPPqTSjas4gQ340CAoI"
        }
      ],
      "services": {
        "appinvite_service": {
          "other_platform_oauth_client": []
        }
      }
    }
  ],
  "configuration_version": "1"
}